algo,seed,train_density,eval_density,mean_reward,crash_rate,mean_speed,dominant_action,dominant_action_frac
random,0,none,low,18.150333538745915,0.51,24.8576469403201,LANE_RIGHT,0.21141088014153028
random,0,none,medium,8.734049550167486,0.98,24.006116315586453,FASTER,0.20926243567753003
random,0,none,high,4.177582234246771,0.99,23.059297382748255,LANE_RIGHT,0.2262295081967213
random,1,none,low,17.57587534009453,0.63,24.504191799128275,LANE_RIGHT,0.22187359928283282
random,1,none,medium,7.7989745154560675,0.95,23.526730896884406,FASTER,0.20454545454545456
random,1,none,high,3.704629030551315,1.0,23.363491734269964,SLOWER,0.20765027322404372
random,2,none,low,17.933178828560337,0.56,24.48848950851475,LANE_RIGHT,0.2108994240141781
random,2,none,medium,8.294142898366083,0.98,23.570218135331384,LANE_RIGHT,0.2091791703442189
random,2,none,high,4.344079073831404,0.99,22.911495591354782,FASTER,0.2141732283464567
dqn,0,medium,low,23.50895242849273,0.36,27.257952007032873,SLOWER,0.5949030049448459
dqn,0,medium,medium,18.193381833677336,0.39,23.303206902999428,LANE_RIGHT,0.5705045278137129
dqn,0,medium,high,8.658838732001753,0.89,23.03351360038263,LANE_RIGHT,0.5834038950042337
dqn,1,medium,low,19.79425101569092,0.85,29.069160556684146,SLOWER,0.7840641206977841
dqn,1,medium,medium,8.784117424338284,0.96,27.396674376186535,SLOWER,0.6042677012609118
dqn,1,medium,high,3.935485334142663,1.0,26.380456904048106,SLOWER,0.6043307086614174
dqn,2,medium,low,20.14389373294676,0.75,29.38063429563359,SLOWER,0.8826530612244898
dqn,2,medium,medium,10.605017289865982,0.91,27.065779551982132,SLOWER,0.4370015948963317
dqn,2,medium,high,4.713080754232871,1.0,26.292251380761254,SLOWER,0.44370860927152317
ppo,0,medium,low,20.880221169036336,0.0,20.02527646129542,LANE_RIGHT,1.0
ppo,0,medium,medium,20.799887835703004,0.02,20.02012322586168,LANE_RIGHT,1.0
ppo,0,medium,high,11.89454682364106,0.69,19.555492466230845,LANE_RIGHT,1.0
ppo,1,medium,low,20.880221169036336,0.0,20.02527646129542,LANE_RIGHT,1.0
ppo,1,medium,medium,20.799887835703004,0.02,20.02012322586168,LANE_RIGHT,1.0
ppo,1,medium,high,11.89454682364106,0.69,19.555492466230845,LANE_RIGHT,1.0
ppo,2,medium,low,20.892221169036333,0.0,20.04027646129542,LANE_RIGHT,0.881
ppo,2,medium,medium,20.822554502369666,0.02,20.048456559195014,LANE_RIGHT,0.8498327759197324
ppo,2,medium,high,11.767853527997008,0.7,19.611482960665793,LANE_RIGHT,0.8792906178489702
